IdNode;Class
0;1
1;3
2;1
3;1
4;3
5;1
6;2
7;3
8;4
9;1
10;4
11;2
12;4
13;1
14;3
15;2
16;4
17;4
18;2
19;1
20;4
21;2
22;1
23;2
24;1
25;2
26;4
27;2
28;3
29;4
30;4
31;4
32;1
33;1
34;1
35;1
36;1
37;1
38;2
39;3
40;1
41;1
42;1
43;1
44;1
45;2
46;3
47;3
48;2
49;2
50;3
51;3
52;3
53;4
54;4
55;4
56;2
57;4
58;3
59;4
60;1
61;4
62;4
63;2
64;2
65;4
66;1
67;1
68;4
69;1
70;1
71;3
72;1
73;1
74;3
75;4
76;2
77;3
78;4
79;1
80;1
81;4
82;4
83;2
84;4
85;3
86;4
87;3
88;2
89;2
90;3
91;4
92;2
93;3
94;2
95;4
96;3
97;1
98;2
99;4
100;2
101;3
102;2
103;2
104;4
105;1
106;1
107;1
108;3
109;1
110;4
111;2
112;3
113;1
114;1
115;2
116;1
117;2
118;2
119;1
120;2
121;4
122;1
123;3
124;1
125;4
126;4
127;2
128;3
129;1
130;3
131;4
132;1
133;1
134;4
135;3
136;3
137;2
138;2
139;2
140;4
141;2
142;1
143;4
144;2
145;1
146;1
147;4
148;2
149;4
150;4
151;3
152;3
153;3
154;2
155;1
156;1
157;4
158;4
159;1
160;2
161;1
162;1
163;4
164;4
165;1
166;4
167;4
168;1
169;4
170;1
171;3
172;4
173;1
174;4
175;1
176;1
177;1
178;1
179;4
180;3
181;3
182;4
183;1
184;4
185;4
186;1
187;1
188;3
189;1
190;4
191;2
192;3
193;3
194;4
195;4
196;1
197;4
198;2
199;3
200;1
201;2
202;4
203;4
204;3
205;3
206;2
207;1
208;3
209;3
210;2
211;2
212;1
213;3
214;2
215;4
216;1
217;1
218;2
219;2
220;2
221;4
222;4
223;2
224;2
225;4
226;1
227;4
228;2
229;2
230;2
231;3
232;1
233;2
234;4
235;1
236;2
237;3
238;4
239;4
240;4
241;2
242;4
243;1
244;4
245;2
246;3
247;4
248;4
249;2
250;1
251;1
252;1
253;2
254;4
255;2
256;2
257;3
258;1
259;4
260;4
261;4
262;1
263;4
264;2
265;1
266;4
267;2
268;3
269;3
270;2
271;1
272;1
273;4
274;1
275;1
276;4
277;1
278;1
279;4
280;2
281;4
282;3
283;2
284;2
285;1
286;4
287;3
288;1
289;3
290;3
291;2
292;1
293;1
294;1
295;2
296;1
297;4
298;4
299;2
300;2
301;1
302;4
303;1
304;2
305;3
306;3
307;1
308;4
309;2
310;2
311;2
312;4
313;1
314;4
315;1
316;2
317;1
318;4
319;4
320;1
321;2
322;2
323;4
324;2
325;2
326;1
327;4
328;2
329;1
330;4
331;3
332;3
333;1
334;1
335;2
336;3
337;3
338;3
339;3
340;2
341;3
342;1
343;4
344;3
345;3
346;3
347;1
348;1
349;1
350;4
351;4
352;3
353;2
354;3
355;2
356;2
357;1
358;1
359;1
360;3
361;1
362;2
363;3
364;2
365;4
366;4
367;3
368;4
369;2
370;4
371;1
372;1
373;1
374;1
375;2
376;1
377;3
378;3
379;4
380;4
381;3
382;3
383;1
384;2
385;4
386;2
387;3
388;3
389;1
390;3
391;1
392;3
393;2
394;4
395;3
396;4
397;2
398;4
399;1
400;3
401;2
402;4
403;1
404;4
405;1
406;3
407;4
408;3
409;3
410;4
411;3
412;2
413;4
414;2
415;2
416;1
417;4
418;2
419;3
420;1
421;1
422;1
423;2
424;1
425;2
426;3
427;1
428;4
429;1
430;4
431;1
432;1
433;3
434;2
435;2
436;2
437;4
438;2
439;3
440;1
441;1
442;2
443;1
444;4
445;2
446;4
447;1
448;2
449;3
450;3
451;4
452;1
453;4
454;4
455;2
456;4
457;2
458;1
459;1
460;4
461;2
462;2
463;1
464;3
465;2
466;1
467;3
468;3
469;4
470;3
471;3
472;2
473;2
474;1
475;4
476;1
477;4
478;3
479;4
480;4
481;1
482;4
483;2
484;3
485;4
486;1
487;4
488;2
489;2
490;2
491;4
492;1
493;2
494;2
495;1
496;3
497;2
498;1
499;4
500;1
501;3
502;2
503;3
504;4
505;1
506;2
507;4
508;3
509;3
510;4
511;2
512;4
513;2
514;3
515;2
516;1
517;2
518;2
519;3
520;2
521;2
522;4
523;4
524;2
525;1
526;3
527;2
528;3
529;1
530;4
531;4
532;1
533;1
534;2
535;1
536;2
537;1
538;2
539;3
540;4
541;3
542;4
543;2
544;1
545;1
546;2
547;3
548;4
549;1
550;2
551;3
552;3
553;3
554;4
555;4
556;1
557;3
558;1
559;1
560;3
561;4
562;3
563;4
564;4
565;2
566;1
567;2
568;2
569;3
570;1
571;3
572;4
573;2
574;4
575;1
576;2
577;1
578;3
579;4
580;1
581;4
582;2
583;3
584;2
585;4
586;1
587;4
588;4
589;4
590;1
591;2
592;4
593;4
594;2
595;3
596;4
597;3
598;4
599;2
600;2
601;2
602;2
603;2
604;1
605;2
606;1
607;1
608;1
609;4
610;4
611;2
612;1
613;3
614;2
615;1
616;3
617;3
618;3
619;2
620;3
621;2
622;2
623;4
624;4
625;1
626;2
627;3
628;4
629;1
630;2
631;2
632;4
633;1
634;2
635;4
636;1
637;2
638;2
639;2
640;1
641;2
642;1
643;3
644;2
645;2
646;4
647;1
648;1
649;4
650;1
651;1
652;2
653;2
654;1
655;2
656;1
657;1
658;3
659;1
660;2
661;4
662;2
663;2
664;2
665;3
666;4
667;3
668;3
669;2
670;2
671;2
672;1
673;2
674;4
675;4
676;3
677;1
678;4
679;1
680;4
681;3
682;1
683;3
684;3
685;4
686;4
687;1
688;1
689;1
690;3
691;2
692;4
693;2
694;3
695;2
696;3
697;2
698;4
699;4
700;1
701;3
702;2
703;4
704;4
705;4
706;3
707;3
708;2
709;3
710;1
711;2
712;4
713;3
714;1
715;1
716;1
717;1
718;4
719;2
720;4
721;3
722;3
723;1
724;1
725;3
726;1
727;4
728;1
729;1
730;3
731;4
732;2
733;2
734;3
735;2
736;4
737;2
738;3
739;1
740;1
741;2
742;4
743;3
744;4
745;4
746;4
747;2
748;1
749;3
750;2
751;3
752;3
753;1
754;4
755;1
756;3
757;2
758;3
759;4
760;4
761;4
762;3
763;1
764;4
765;1
766;4
767;2
768;1
769;2
770;4
771;2
772;3
773;1
774;4
775;3
776;1
777;2
778;1
779;1
780;3
781;4
782;4
783;4
784;4
785;3
786;2
787;3
788;3
789;3
790;1
791;1
792;4
793;2
794;2
795;3
796;1
797;1
798;3
799;4
800;3
801;2
802;1
803;4
804;1
805;1
806;1
807;1
808;1
809;1
810;4
811;1
812;4
813;3
814;1
815;3
816;2
817;1
818;1
819;1
820;1
821;3
822;3
823;4
824;2
825;2
826;3
827;2
828;4
829;3
830;2
831;3
832;4
833;3
834;4
835;2
836;2
837;2
838;1
839;1
840;1
841;4
842;3
843;4
844;3
845;3
846;2
847;1
848;3
849;4
850;3
851;3
852;3
853;1
854;3
855;4
856;4
857;4
858;2
859;4
860;3
861;2
862;2
863;2
864;3
865;3
866;1
867;2
868;3
869;1
870;1
871;2
872;3
873;2
874;4
875;4
876;1
877;2
878;1
879;1
880;1
881;1
882;2
883;3
884;4
885;2
886;3
887;4
888;4
889;3
890;1
891;1
892;3
893;2
894;4
895;2
896;1
897;1
898;4
899;3
900;4
901;3
902;1
903;2
904;4
905;4
906;3
907;4
908;3
909;3
910;1
911;4
912;3
913;4
914;3
915;4
916;2
917;1
918;3
919;1
920;4
921;3
922;4
923;4
924;4
925;3
926;1
927;1
928;4
929;4
930;3
931;4
932;4
933;1
934;1
935;2
936;1
937;4
938;2
939;2
940;3
941;2
942;3
943;3
944;2
945;3
946;2
947;3
948;1
949;2
950;3
951;4
952;4
953;4
954;4
955;3
956;4
957;1
958;4
959;2
960;1
961;4
962;1
963;3
964;3
965;4
966;4
967;2
968;4
969;4
970;1
971;3
972;3
973;4
974;3
975;4
976;4
977;4
978;3
979;1
980;2
981;4
982;2
983;1
984;1
985;3
986;1
987;3
988;2
989;3
990;2
991;1
992;3
993;2
994;1
995;1
996;4
997;1
998;2
999;2
1000;4
1001;3
1002;4
1003;1
1004;3
1005;3
1006;1
1007;4
1008;4
1009;2
1010;1
1011;2
1012;4
1013;2
1014;4
1015;2
1016;2
1017;2
1018;2
1019;1
1020;4
1021;4
1022;2
1023;3
1024;2
1025;3
1026;3
1027;2
1028;1
1029;1
1030;1
1031;4
1032;2
1033;1
1034;3
1035;2
1036;1
1037;3
1038;1
1039;2
1040;2
1041;3
1042;4
1043;4
1044;1
1045;2
1046;1
1047;1
1048;1
1049;3
1050;3
1051;4
1052;3
1053;1
1054;3
1055;2
1056;1
1057;3
1058;2
1059;2
1060;3
1061;2
1062;4
1063;2
1064;4
1065;3
1066;2
1067;1
1068;2
1069;3
1070;4
1071;1
1072;3
1073;2
1074;3
1075;1
1076;2
1077;2
1078;2
1079;1
1080;3
1081;2
1082;2
1083;3
1084;2
1085;2
1086;4
1087;3
1088;2
1089;4
1090;3
1091;2
1092;4
1093;1
1094;2
1095;1
1096;4
1097;1
1098;1
1099;2
1100;4
1101;3
1102;1
1103;3
1104;2
1105;3
1106;1
1107;2
1108;2
1109;1
1110;4
1111;4
1112;4
1113;4
1114;2
1115;4
1116;3
1117;1
1118;2
1119;1
1120;4
1121;1
1122;3
1123;2
1124;3
1125;4
1126;3
1127;4
1128;4
1129;3
1130;3
1131;3
1132;3
1133;2
1134;3
1135;2
1136;2
1137;4
1138;3
1139;4
1140;2
1141;1
1142;1
1143;3
1144;3
1145;4
1146;1
1147;4
1148;1
1149;4
1150;1
1151;2
1152;3
1153;2
1154;3
1155;4
1156;3
1157;2
1158;1
1159;2
1160;2
1161;3
1162;4
1163;1
1164;2
1165;2
1166;3
1167;2
1168;1
1169;2
1170;4
1171;1
1172;2
1173;3
1174;4
1175;4
1176;3
1177;4
1178;1
1179;2
1180;3
1181;3
1182;4
1183;1
1184;4
1185;2
1186;1
1187;2
1188;3
1189;3
1190;1
1191;1
1192;3
1193;1
1194;1
1195;2
1196;4
1197;3
1198;2
1199;2
1200;1
1201;2
1202;1
1203;1
1204;2
1205;4
1206;4
1207;4
1208;4
1209;1
1210;2
1211;2
1212;2
1213;1
1214;3
1215;2
1216;2
1217;4
1218;3
1219;2
1220;3
1221;2
1222;3
1223;3
1224;2
1225;3
1226;1
1227;1
1228;3
1229;2
1230;2
1231;4
1232;1
1233;4
1234;2
1235;3
1236;4
1237;3
1238;1
1239;1
1240;4
1241;3
1242;3
1243;3
1244;2
1245;4
1246;4
1247;1
1248;2
1249;4
1250;3
1251;3
1252;4
1253;1
1254;1
1255;4
1256;2
1257;4
1258;1
1259;1
1260;1
1261;2
1262;4
1263;3
1264;3
1265;1
1266;1
1267;3
1268;2
1269;1
1270;3
1271;2
1272;1
1273;4
1274;3
1275;4
1276;1
1277;1
1278;2
1279;3
1280;3
1281;1
1282;3
1283;4
1284;2
1285;2
1286;1
1287;4
1288;4
1289;4
1290;4
1291;3
1292;1
1293;1
1294;2
1295;2
1296;1
1297;4
1298;3
1299;1
1300;1
1301;4
1302;4
1303;2
1304;4
1305;2
1306;3
1307;1
1308;3
1309;1
1310;3
1311;4
1312;2
1313;4
1314;3
1315;4
1316;4
1317;4
1318;3
1319;1
1320;4
1321;1
1322;1
1323;1
1324;2
1325;2
1326;2
1327;2
1328;2
1329;4
1330;2
1331;3
1332;1
1333;3
1334;2
1335;4
1336;4
1337;1
1338;2
1339;3
1340;2
1341;3
1342;4
1343;3
1344;2
1345;4
1346;2
1347;1
1348;1
1349;2
1350;2
1351;4
1352;3
1353;3
1354;2
1355;3
1356;4
1357;2
1358;2
1359;2
1360;4
1361;3
1362;2
1363;2
1364;3
1365;3
1366;2
1367;1
1368;2
1369;3
1370;1
1371;2
1372;2
1373;3
1374;4
1375;3
1376;3
1377;1
1378;1
1379;1
1380;2
1381;1
1382;1
1383;3
1384;3
1385;3
1386;3
1387;1
1388;3
1389;2
1390;3
1391;4
1392;1
1393;3
1394;3
1395;3
1396;2
1397;3
1398;3
1399;2
1400;1
1401;1
1402;1
1403;3
1404;1
1405;4
1406;1
1407;2
1408;1
1409;4
1410;3
1411;3
1412;3
1413;2
1414;2
1415;2
1416;2
1417;3
1418;3
1419;1
1420;1
1421;2
1422;2
1423;2
1424;3
1425;1
1426;4
1427;2
1428;2
1429;4
1430;3
1431;4
1432;1
1433;2
1434;3
1435;1
1436;2
1437;3
1438;3
1439;1
1440;4
1441;4
1442;2
1443;4
1444;2
1445;2
1446;3
1447;4
1448;4
1449;3
1450;3
1451;1
1452;3
1453;4
1454;1
1455;3
1456;4
1457;2
1458;2
1459;3
1460;3
1461;4
1462;1
1463;1
1464;1
1465;3
1466;4
1467;2
1468;4
1469;2
1470;3
1471;2
1472;3
1473;3
1474;2
1475;3
1476;2
1477;1
1478;2
1479;2
1480;4
1481;3
1482;2
1483;4
1484;4
1485;1
1486;4
1487;3
1488;2
1489;1
1490;4
1491;4
1492;1
1493;1
1494;4
1495;1
1496;2
1497;3
1498;2
1499;2
1500;2
1501;4
1502;3
1503;3
1504;3
1505;4
1506;1
1507;3
1508;2
1509;2
1510;3
1511;3
1512;3
1513;4
1514;2
1515;1
1516;3
1517;2
1518;3
1519;1
1520;4
1521;4
1522;4
1523;3
1524;1
1525;2
1526;3
1527;4
1528;3
1529;3
1530;2
1531;4
1532;1
1533;3
1534;1
1535;4
1536;2
1537;1
1538;3
1539;3
1540;1
1541;1
1542;1
1543;3
1544;1
1545;2
1546;2
1547;4
1548;4
1549;4
1550;4
1551;2
1552;3
1553;4
1554;3
1555;1
1556;1
1557;4
1558;1
1559;4
1560;4
1561;2
1562;4
1563;1
1564;2
1565;2
1566;2
1567;4
1568;4
1569;2
1570;3
1571;4
1572;2
1573;4
1574;2
1575;1
1576;4
1577;4
1578;3
1579;1
1580;1
1581;1
1582;3
1583;4
1584;4
1585;4
1586;2
1587;1
1588;1
1589;3
1590;1
1591;4
1592;4
1593;2
1594;1
1595;2
1596;2
1597;1
1598;1
1599;2
1600;2
1601;4
1602;4
1603;2
1604;4
1605;4
1606;4
1607;4
1608;3
1609;4
1610;3
1611;4
1612;3
1613;2
1614;1
1615;2
1616;3
1617;3
1618;1
1619;3
1620;2
1621;1
1622;3
1623;1
1624;3
1625;1
1626;4
1627;3
1628;4
1629;2
1630;1
1631;2
1632;2
1633;4
1634;2
1635;2
1636;3
1637;4
1638;1
1639;2
1640;4
1641;2
1642;1
1643;3
1644;3
1645;2
1646;3
1647;4
1648;4
1649;1
1650;4
1651;1
1652;3
1653;1
1654;3
1655;1
1656;3
1657;3
1658;4
1659;1
1660;2
1661;1
1662;4
1663;2
1664;3
1665;4
1666;1
1667;1
1668;4
1669;4
1670;2
1671;4
1672;2
1673;2
1674;4
1675;4
1676;3
1677;1
1678;3
1679;3
1680;2
1681;3
1682;1
1683;3
1684;3
1685;4
1686;4
1687;1
1688;1
1689;2
1690;2
1691;1
1692;4
1693;3
1694;3
1695;2
1696;3
1697;4
1698;1
1699;2
1700;1
1701;3
1702;1
1703;2
1704;2
1705;2
1706;4
1707;2
1708;3
1709;2
1710;2
1711;2
1712;3
1713;3
1714;4
1715;3
1716;3
1717;4
1718;3
1719;4
1720;1
1721;1
1722;4
1723;3
1724;3
1725;2
1726;3
1727;1
1728;2
1729;3
1730;3
1731;4
1732;1
1733;3
1734;1
1735;3
1736;1
1737;2
1738;4
1739;2
1740;1
1741;3
1742;2
1743;1
1744;2
1745;3
1746;3
1747;4
1748;1
1749;2
1750;2
1751;1
1752;1
1753;2
1754;1
1755;3
1756;2
1757;2
1758;1
1759;4
1760;2
1761;4
1762;4
1763;3
1764;3
1765;2
1766;4
1767;2
1768;3
1769;4
1770;1
1771;3
1772;2
1773;2
1774;2
1775;2
1776;4
1777;3
1778;4
1779;1
1780;2
1781;3
1782;3
1783;2
1784;4
1785;2
1786;4
1787;4
1788;3
1789;4
1790;2
1791;1
1792;1
1793;4
1794;3
1795;2
1796;3
1797;3
1798;3
1799;4
1800;3
1801;4
1802;3
1803;3
1804;2
1805;2
1806;4
1807;2
1808;1
1809;2
1810;4
1811;2
1812;4
1813;4
1814;3
1815;4
1816;3
1817;3
1818;4
1819;1
1820;4
1821;2
1822;1
1823;4
1824;2
1825;2
1826;1
1827;2
1828;1
1829;3
1830;1
1831;2
1832;4
1833;1
1834;2
1835;2
1836;3
1837;1
1838;1
1839;2
1840;2
1841;2
1842;2
1843;3
1844;4
1845;3
1846;1
1847;3
1848;3
1849;1
1850;2
1851;4
1852;1
1853;3
1854;3
1855;1
1856;2
1857;1
1858;3
1859;3
1860;3
1861;2
1862;2
1863;4
1864;3
1865;3
1866;1
1867;2
1868;2
1869;1
1870;4
1871;3
1872;3
1873;4
1874;4
1875;1
1876;4
1877;2
1878;3
1879;3
1880;1
1881;4
1882;3
1883;2
1884;2
1885;2
1886;1
1887;1
1888;3
1889;3
1890;3
1891;3
1892;1
1893;2
1894;4
1895;3
1896;3
1897;4
1898;4
1899;4
1900;3
1901;2
1902;2
1903;1
1904;3
1905;3
1906;2
1907;1
1908;4
1909;1
1910;1
1911;1
1912;4
1913;2
1914;1
1915;2
1916;2
1917;2
1918;1
1919;4
1920;3
1921;3
1922;4
1923;1
1924;3
1925;1
1926;1
1927;3
1928;2
1929;2
1930;3
1931;1
1932;2
1933;2
1934;3
1935;3
1936;3
1937;1
1938;1
1939;4
1940;4
1941;4
1942;4
1943;1
1944;2
1945;4
1946;4
1947;4
1948;4
1949;1
1950;3
1951;2
1952;3
1953;2
1954;4
1955;3
1956;4
1957;4
1958;3
1959;4
1960;1
1961;3
1962;2
1963;2
1964;3
1965;1
1966;3
1967;4
1968;3
1969;3
1970;2
1971;1
1972;2
1973;4
1974;2
1975;1
1976;3
1977;1
1978;4
1979;1
1980;2
1981;1
1982;2
1983;2
1984;1
1985;3
1986;4
1987;4
1988;2
1989;4
1990;4
1991;3
1992;4
1993;4
1994;4
1995;2
1996;3
1997;4
1998;4
1999;2
2000;3
2001;2
2002;2
2003;3
2004;2
2005;3
2006;1
2007;2
2008;2
2009;2
2010;3
2011;4
2012;4
2013;4
2014;4
2015;3
2016;4
2017;4
2018;4
2019;1
2020;2
2021;1
2022;1
2023;3
2024;3
2025;3
2026;4
2027;3
2028;2
2029;4
2030;3
2031;4
2032;4
2033;3
2034;2
2035;3
2036;4
2037;4
2038;1
2039;3
2040;1
2041;3
2042;3
2043;4
2044;2
2045;1
2046;4
2047;1
2048;3
2049;1
2050;4
2051;2
2052;3
2053;3
2054;4
2055;2
2056;2
2057;4
2058;4
2059;3
2060;3
2061;3
2062;4
2063;3
2064;4
2065;1
2066;4
2067;3
2068;4
2069;4
2070;3
2071;1
2072;4
2073;4
2074;3
2075;2
2076;2
2077;1
2078;3
2079;4
2080;3
2081;4
2082;3
2083;3
2084;2
2085;1
2086;3
2087;2
2088;4
2089;4
2090;2
2091;4
2092;2
2093;2
2094;3
2095;2
2096;3
2097;2
2098;1
2099;1
2100;1
2101;3
2102;4
2103;3
2104;2
2105;1
2106;2
2107;2
2108;4
2109;3
2110;2
2111;4
2112;3
2113;3
2114;1
2115;1
2116;1
2117;2
2118;4
2119;4
2120;3
2121;1
2122;4
2123;4
2124;4
2125;4
2126;2
2127;2
2128;4
2129;3
2130;1
2131;1
2132;4
2133;3
2134;3
2135;4
2136;4
2137;3
2138;4
2139;1
2140;4
2141;3
2142;2
2143;2
2144;1
2145;2
2146;1
2147;2
2148;1
2149;2
2150;2
2151;4
2152;1
2153;3
2154;3
2155;2
2156;3
2157;1
2158;3
2159;4
2160;3
2161;2
2162;1
2163;1
2164;4
2165;2
2166;4
2167;4
2168;3
2169;2
2170;4
2171;2
2172;4
2173;2
2174;1
2175;3
2176;2
2177;1
2178;3
2179;4
2180;2
2181;1
2182;4
2183;4
2184;2
2185;3
2186;4
2187;3
2188;1
2189;3
2190;3
2191;2
2192;1
2193;2
2194;4
2195;3
2196;4
2197;4
2198;2
2199;1
2200;2
2201;4
2202;3
2203;1
2204;4
2205;4
2206;1
2207;3
2208;2
2209;2
2210;4
2211;2
2212;3
2213;3
2214;2
2215;3
2216;3
2217;2
2218;4
2219;1
2220;1
2221;1
2222;4
2223;2
2224;3
2225;2
2226;3
2227;2
2228;1
2229;4
2230;3
2231;1
2232;1
2233;1
2234;1
2235;2
2236;3
2237;3
2238;3
2239;1
2240;3
2241;1
2242;4
2243;2
2244;2
2245;3
2246;2
2247;2
2248;2
2249;1
2250;2
2251;2
2252;2
2253;4
2254;3
2255;3
2256;4
2257;3
2258;2
2259;3
2260;2
2261;4
2262;3
2263;4
2264;1
2265;3
2266;2
2267;4
2268;2
2269;4
2270;4
2271;2
2272;1
2273;1
2274;2
2275;4
2276;2
2277;3
2278;2
2279;1
2280;4
2281;3
2282;2
2283;1
2284;1
2285;3
2286;4
2287;3
2288;2
2289;3
2290;3
2291;4
2292;1
2293;4
2294;3
2295;3
2296;1
2297;2
2298;4
2299;2
2300;3
2301;4
2302;4
2303;1
2304;3
2305;2
2306;4
2307;4
2308;4
2309;2
2310;4
2311;4
2312;3
2313;1
2314;1
2315;1
2316;1
2317;4
2318;1
2319;1
2320;4
2321;3
2322;2
2323;2
2324;1
2325;4
2326;1
2327;1
2328;1
2329;3
2330;3
2331;3
2332;4
2333;4
2334;3
2335;4
2336;4
2337;4
2338;3
2339;2
2340;4
2341;2
2342;1
2343;1
2344;1
2345;1
2346;1
2347;4
2348;4
2349;1
2350;4
2351;3
2352;2
2353;2
2354;2
2355;3
2356;2
2357;3
2358;1
2359;4
2360;2
2361;4
2362;1
2363;1
2364;3
2365;4
2366;2
2367;1
2368;4
2369;3
2370;2
2371;3
2372;1
2373;1
2374;3
2375;2
2376;3
2377;3
2378;3
2379;3
2380;4
2381;2
2382;1
2383;3
2384;2
2385;4
2386;4
2387;3
2388;1
2389;4
2390;2
2391;1
2392;2
2393;3
2394;1
2395;4
2396;4
2397;1
2398;2
2399;4
2400;2
2401;2
2402;4
2403;4
2404;4
2405;2
2406;2
2407;4
2408;3
2409;2
2410;4
2411;1
2412;4
2413;4
2414;3
2415;3
2416;3
2417;1
2418;2
2419;1
2420;4
2421;3
2422;3
2423;4
2424;3
2425;1
2426;3
2427;1
2428;2
2429;2
2430;3
2431;1
2432;1
2433;3
2434;3
2435;3
2436;2
2437;4
2438;3
2439;4
2440;2
2441;2
2442;1
2443;1
2444;3
2445;4
2446;1
2447;4
2448;3
2449;3
2450;4
2451;3
2452;1
2453;1
2454;1
2455;2
2456;3
2457;4
2458;3
2459;2
2460;2
2461;4
2462;1
2463;3
2464;4
2465;4
2466;4
2467;2
2468;4
2469;2
2470;1
2471;3
2472;1
2473;3
2474;3
2475;4
2476;4
2477;2
2478;2
2479;4
2480;3
2481;4
2482;4
2483;2
2484;4
2485;4
2486;3
2487;4
2488;2
2489;2
2490;3
2491;2
2492;4
2493;2
2494;4
2495;4
2496;2
2497;4
2498;1
2499;3
2500;1
2501;3
2502;1
2503;4
2504;3
2505;1
2506;3
2507;4
2508;4
2509;4
2510;2
2511;1
2512;2
2513;2
2514;3
2515;3
2516;4
2517;2
2518;4
2519;1
2520;1
2521;1
2522;1
2523;1
2524;4
2525;1
2526;2
2527;4
2528;2
2529;2
2530;2
2531;3
2532;4
2533;1
2534;4
2535;1
2536;4
2537;4
2538;2
2539;3
2540;4
2541;4
2542;1
2543;2
2544;3
2545;1
2546;4
2547;2
2548;1
2549;2
2550;1
2551;1
2552;2
2553;3
2554;3
2555;2
2556;2
2557;4
2558;2
2559;1
2560;3
2561;2
2562;1
2563;3
2564;4
2565;2
2566;3
2567;2
2568;1
2569;4
2570;1
2571;3
2572;2
2573;1
2574;3
2575;1
2576;1
2577;1
2578;4
2579;2
2580;3
2581;2
2582;2
2583;4
2584;1
2585;2
2586;2
2587;2
2588;3
2589;2
2590;4
2591;1
2592;4
2593;3
2594;4
2595;2
2596;1
2597;3
2598;2
2599;3
2600;4
2601;1
2602;4
2603;2
2604;4
2605;2
2606;1
2607;2
2608;1
2609;4
2610;3
2611;3
2612;1
2613;4
2614;4
2615;3
2616;2
2617;4
2618;2
2619;4
2620;4
2621;4
2622;4
2623;2
2624;4
2625;4
2626;4
2627;2
2628;4
2629;1
2630;3
2631;2
2632;3
2633;1
2634;2
2635;4
2636;4
2637;1
2638;3
2639;2
2640;3
2641;3
2642;3
2643;1
2644;4
2645;3
2646;3
2647;2
2648;2
2649;1
2650;1
2651;3
2652;4
2653;2
2654;4
2655;4
2656;2
2657;3
2658;4
2659;4
2660;3
2661;2
2662;3
2663;2
2664;1
2665;2
2666;3
2667;1
2668;4
2669;3
2670;2
2671;4
2672;1
2673;3
2674;3
2675;1
2676;4
2677;2
2678;4
2679;4
2680;4
2681;3
2682;2
2683;4
2684;2
2685;2
2686;3
2687;1
2688;1
2689;4
2690;4
2691;2
2692;3
2693;4
2694;4
2695;2
2696;1
2697;3
2698;4
2699;4
2700;1
2701;1
2702;1
2703;3
2704;2
2705;1
2706;3
2707;1
2708;2
2709;3
2710;3
2711;4
2712;1
2713;4
2714;1
2715;2
2716;1
2717;3
2718;4
2719;2
2720;2
2721;2
2722;1
2723;3
2724;3
2725;1
2726;2
2727;4
2728;3
2729;4
2730;2
2731;4
2732;2
2733;3
2734;3
2735;2
2736;3
2737;2
2738;3
2739;1
2740;4
2741;2
2742;2
2743;3
2744;4
2745;3
2746;1
2747;1
2748;1
2749;1
2750;3
2751;2
2752;2
2753;2
2754;3
2755;3
2756;2
2757;2
2758;2
2759;3
2760;1
2761;2
2762;2
2763;3
2764;3
2765;1
2766;1
2767;4
2768;1
2769;4
2770;3
2771;1
2772;2
2773;1
2774;2
2775;3
2776;3
2777;1
2778;2
2779;2
2780;3
2781;2
2782;2
2783;3
2784;2
2785;4
2786;2
2787;3
2788;4
2789;4
2790;2
2791;4
2792;3
2793;2
2794;3
2795;4
2796;4
2797;3
2798;3
2799;3
2800;2
2801;4
2802;3
2803;3
2804;1
2805;1
2806;4
2807;3
2808;3
2809;2
2810;1
2811;4
2812;1
2813;1
2814;4
2815;2
2816;1
2817;4
2818;1
2819;1
2820;2
2821;2
2822;2
2823;2
2824;3
2825;1
2826;4
2827;3
2828;2
2829;2
2830;1
2831;2
2832;2
2833;1
2834;4
2835;2
2836;3
2837;4
2838;2
2839;3
2840;2
2841;4
2842;2
2843;2
2844;3
2845;3
2846;3
2847;3
2848;3
2849;2
2850;4
2851;1
2852;1
2853;4
2854;2
2855;1
2856;4
2857;1
2858;4
2859;2
2860;4
2861;2
2862;1
2863;4
2864;2
2865;3
2866;2
2867;1
2868;2
2869;2
2870;1
2871;3
2872;1
2873;1
2874;2
2875;2
2876;2
2877;1
2878;1
2879;2
2880;1
2881;4
2882;1
2883;2
2884;2
2885;1
2886;1
2887;4
2888;2
2889;3
2890;2
2891;4
2892;3
2893;4
2894;3
2895;1
2896;3
2897;2
2898;3
2899;2
2900;1
2901;3
2902;3
2903;4
2904;1
2905;1
2906;2
2907;4
2908;3
2909;2
2910;3
2911;2
2912;2
2913;1
2914;4
2915;3
2916;4
2917;3
2918;4
2919;4
2920;3
2921;4
2922;4
2923;2
2924;4
2925;3
2926;1
2927;2
2928;1
2929;3
2930;1
2931;3
2932;1
2933;2
2934;3
2935;2
2936;4
2937;3
2938;4
2939;4
2940;4
2941;3
2942;1
2943;4
2944;4
2945;3
2946;4
2947;2
2948;2
2949;4
2950;4
2951;4
2952;1
2953;3
2954;1
2955;1
2956;2
2957;3
2958;4
2959;1
2960;2
2961;4
2962;4
2963;1
2964;1
2965;2
2966;2
2967;4
2968;4
2969;4
2970;4
2971;2
2972;3
2973;2
2974;1
2975;1
2976;3
2977;4
2978;1
2979;3
2980;4
2981;1
2982;1
2983;4
2984;4
2985;1
2986;1
2987;4
2988;1
2989;2
2990;4
2991;1
2992;3
2993;4
2994;1
2995;1
2996;3
2997;1
2998;3
2999;2
3000;2
3001;2
3002;2
3003;3
3004;4
3005;4
3006;2
3007;4
3008;3
3009;2
3010;3
3011;4
3012;2
3013;3
3014;2
3015;2
3016;2
3017;4
3018;3
3019;2
3020;3
3021;3
3022;4
3023;4
3024;3
3025;1
3026;4
3027;4
3028;3
3029;2
3030;3
3031;1
3032;2
3033;3
3034;3
3035;2
3036;2
3037;1
3038;1
3039;2
3040;4
3041;1
3042;4
3043;1
3044;4
3045;3
3046;3
3047;2
3048;2
3049;2
3050;1
3051;2
3052;2
3053;2
3054;2
3055;2
3056;1
3057;2
3058;4
3059;4
3060;4
3061;2
3062;3
3063;3
3064;3
3065;2
3066;2
3067;1
3068;2
3069;2
3070;1
3071;4
3072;1
3073;2
3074;4
3075;2
3076;4
3077;2
3078;2
3079;4
3080;3
3081;2
3082;2
3083;2
3084;2
3085;1
3086;3
3087;3
3088;3
3089;1
3090;1
3091;2
3092;2
3093;1
3094;3
3095;2
3096;3
3097;3
3098;3
3099;1
3100;4
3101;2
3102;4
3103;3
3104;1
3105;4
3106;3
3107;1
3108;1
3109;3
3110;1
3111;3
3112;4
3113;1
3114;1
3115;2
3116;4
3117;1
3118;3
3119;2
3120;4
3121;2
3122;2
3123;2
3124;3
3125;3
3126;4
3127;3
3128;1
3129;4
3130;4
3131;1
3132;2
3133;4
3134;2
3135;1
3136;2
3137;3
3138;4
3139;1
3140;1
3141;2
3142;4
3143;2
3144;1
3145;2
3146;2
3147;2
3148;3
3149;4
3150;4
3151;4
3152;2
3153;4
3154;1
3155;2
3156;2
3157;1
3158;2
3159;2
3160;2
3161;3
3162;3
3163;2
3164;3
3165;1
3166;4
3167;4
3168;1
3169;2
3170;4
3171;2
3172;3
3173;4
3174;3
3175;3
3176;3
3177;4
3178;3
3179;2
3180;4
3181;4
3182;4
3183;4
3184;1
3185;1
3186;4
3187;1
3188;3
3189;4
3190;4
3191;4
3192;2
3193;3
3194;3
3195;1
3196;1
3197;1
3198;1
3199;3
3200;2
3201;3
3202;1
3203;4
3204;4
3205;1
3206;3
3207;2
3208;3
3209;2
3210;1
3211;3
3212;2
3213;2
3214;1
3215;4
3216;1
3217;1
3218;2
3219;1
3220;1
3221;4
3222;2
3223;2
3224;1
3225;4
3226;2
3227;3
3228;4
3229;3
3230;3
3231;4
3232;2
3233;2
3234;2
3235;2
3236;4
3237;2
3238;3
3239;2
3240;1
3241;2
3242;1
3243;2
3244;1
3245;1
3246;1
3247;2
3248;2
3249;2
3250;3
3251;1
3252;2
3253;3
3254;1
3255;3
3256;3
3257;3
3258;1
3259;2
3260;3
3261;2
3262;2
3263;4
3264;2
3265;2
3266;4
3267;4
3268;3
3269;1
3270;2
3271;2
3272;2
3273;3
3274;2
3275;2
3276;4
3277;2
3278;4
3279;2
3280;3
3281;2
3282;1
3283;1
3284;1
3285;1
3286;1
3287;2
3288;4
3289;4
3290;4
3291;1
3292;4
3293;4
3294;3
3295;3
3296;2
3297;3
3298;3
3299;4
3300;2
3301;3
3302;1
3303;4
3304;1
3305;4
3306;1
3307;4
3308;4
3309;4
3310;3
3311;4
3312;4
3313;3
3314;4
3315;4
3316;1
3317;1
3318;4
3319;1
3320;3
3321;1
3322;4
3323;1
3324;4
3325;2
3326;2
3327;4
3328;4
3329;1
3330;3
3331;3
3332;1
3333;4
3334;3
3335;3
3336;3
3337;1
3338;4
3339;2
3340;1
3341;1
3342;2
3343;2
3344;2
3345;4
3346;2
3347;4
3348;2
3349;3
3350;3
3351;1
3352;2
3353;3
3354;3
3355;3
3356;1
3357;2
3358;4
3359;2
3360;3
3361;3
3362;2
3363;2
3364;4
3365;2
3366;3
3367;2
3368;1
3369;1
3370;3
3371;1
3372;4
3373;3
3374;1
3375;3
3376;1
3377;3
3378;1
3379;1
3380;1
3381;2
3382;3
3383;1
3384;4
3385;4
3386;2
3387;2
3388;4
3389;4
3390;1
3391;2
3392;1
3393;2
3394;4
3395;2
3396;3
3397;4
3398;2
3399;2
3400;3
3401;3
3402;1
3403;3
3404;3
3405;2
3406;3
3407;3
3408;4
3409;2
3410;1
3411;3
3412;2
3413;1
3414;2
3415;3
3416;1
3417;1
3418;3
3419;2
3420;3
3421;4
3422;3
3423;1
3424;1
3425;1
3426;1
3427;1
3428;1
3429;3
3430;2
3431;4
3432;3
3433;3
3434;3
3435;1
3436;1
3437;4
3438;1
3439;2
3440;2
3441;2
3442;2
3443;2
3444;4
3445;4
3446;3
3447;3
3448;3
3449;4
3450;3
3451;4
3452;4
3453;2
3454;2
3455;1
3456;1
3457;4
3458;2
3459;3
3460;1
3461;4
3462;4
3463;1
3464;4
3465;1
3466;4
3467;4
3468;1
3469;3
3470;3
3471;1
3472;1
3473;4
3474;2
3475;4
3476;3
3477;4
3478;4
3479;3
3480;1
3481;2
3482;3
3483;1
3484;1
3485;4
3486;4
3487;3
3488;4
3489;4
3490;3
3491;4
3492;3
3493;4
3494;3
3495;3
3496;1
3497;4
3498;1
3499;2
3500;3
3501;3
3502;1
3503;4
3504;1
3505;2
3506;3
3507;2
3508;1
3509;3
3510;3
3511;4
3512;4
3513;1
3514;3
3515;1
3516;1
3517;1
3518;3
3519;4
3520;4
3521;1
3522;1
3523;2
3524;2
3525;4
3526;1
3527;4
3528;1
3529;4
3530;3
3531;4
3532;3
3533;3
3534;1
3535;3
3536;2
3537;3
3538;1
3539;1
3540;3
3541;3
3542;4
3543;3
3544;1
3545;4
3546;2
3547;1
3548;3
3549;3
3550;1
3551;1
3552;3
3553;1
3554;2
3555;2
3556;1
3557;1
3558;2
3559;2
3560;2
3561;2
3562;4
3563;2
3564;2
3565;2
3566;1
3567;4
3568;2
3569;3
3570;3
3571;4
3572;2
3573;4
3574;3
3575;1
3576;3
3577;4
3578;2
3579;1
3580;1
3581;3
3582;3
3583;3
3584;1
3585;2
3586;2
3587;4
3588;3
3589;4
3590;4
3591;2
3592;3
3593;1
3594;3
3595;3
3596;1
3597;3
3598;4
3599;2
3600;2
3601;1
3602;1
3603;3
3604;3
3605;1
3606;1
3607;1
3608;2
3609;1
3610;4
3611;1
3612;3
3613;1
3614;3
3615;4
3616;2
3617;3
3618;4
3619;4
3620;1
3621;4
3622;3
3623;2
3624;3
3625;2
3626;1
3627;1
3628;4
3629;2
3630;2
3631;4
3632;1
3633;4
3634;2
3635;3
3636;1
3637;4
3638;1
3639;3
3640;2
3641;3
3642;4
3643;3
3644;3
3645;2
3646;1
3647;3
3648;1
3649;4
3650;2
3651;3
3652;2
3653;4
3654;3
3655;2
3656;3
3657;2
3658;4
3659;1
3660;1
3661;3
3662;1
3663;3
3664;4
3665;1
3666;4
3667;1
3668;3
3669;1
3670;1
3671;2
3672;2
3673;2
3674;4
3675;1
3676;2
3677;3
3678;2
3679;2
3680;1
3681;3
3682;1
3683;1
3684;2
3685;1
3686;3
3687;4
3688;3
3689;1
3690;2
3691;3
3692;4
3693;4
3694;2
3695;2
3696;4
3697;3
3698;1
3699;1
3700;2
3701;4
3702;3
3703;2
3704;1
3705;1
3706;2
3707;1
3708;4
3709;4
3710;1
3711;1
3712;3
3713;3
3714;2
3715;4
3716;4
3717;1
3718;4
3719;4
3720;1
3721;3
3722;3
3723;3
3724;4
3725;3
3726;4
3727;4
3728;1
3729;1
3730;3
3731;3
3732;3
3733;3
3734;3
3735;4
3736;3
3737;1
3738;4
3739;1
3740;1
3741;2
3742;2
3743;4
3744;2
3745;4
3746;2
3747;2
3748;2
3749;1
3750;4
3751;3
3752;3
3753;2
3754;4
3755;1
3756;2
3757;2
3758;4
3759;1
3760;3
3761;4
3762;1
3763;1
3764;1
3765;3
3766;3
3767;4
3768;4
3769;3
3770;4
3771;2
3772;4
3773;3
3774;4
3775;3
3776;3
3777;1
3778;4
3779;4
3780;4
3781;1
3782;1
3783;4
3784;4
3785;3
3786;1
3787;4
3788;1
3789;3
3790;4
3791;3
3792;1
3793;1
3794;1
3795;4
3796;3
3797;1
3798;2
3799;1
3800;2
3801;4
3802;1
3803;2
3804;2
3805;2
3806;2
3807;2
3808;1
3809;2
3810;2
3811;3
3812;4
3813;2
3814;2
3815;1
3816;3
3817;2
3818;1
3819;3
3820;1
3821;1
3822;2
3823;1
3824;3
3825;3
3826;3
3827;2
3828;2
3829;1
3830;1
3831;4
3832;1
3833;1
3834;2
3835;2
3836;1
3837;3
3838;2
3839;4
3840;2
3841;2
3842;2
3843;1
3844;1
3845;3
3846;1
3847;4
3848;4
3849;1
3850;2
3851;1
3852;2
3853;4
3854;2
3855;1
3856;4
3857;2
3858;1
3859;1
3860;4
3861;2
3862;3
3863;3
3864;2
3865;4
3866;1
3867;2
3868;1
3869;1
3870;3
3871;1
3872;4
3873;1
3874;3
3875;1
3876;2
3877;4
3878;2
3879;4
3880;3
3881;1
3882;4
3883;1
3884;3
3885;2
3886;4
3887;2
3888;1
3889;4
3890;3
3891;1
3892;3
3893;1
3894;4
3895;1
3896;4
3897;1
3898;3
3899;3
3900;3
3901;3
3902;2
3903;4
3904;3
3905;3
3906;1
3907;3
3908;3
3909;3
3910;4
3911;3
3912;3
3913;4
3914;3
3915;2
3916;4
3917;2
3918;2
3919;4
3920;3
3921;4
3922;2
3923;4
3924;3
3925;4
3926;3
3927;3
3928;2
3929;3
3930;4
3931;3
3932;1
3933;3
3934;3
3935;3
3936;4
3937;4
3938;1
3939;2
3940;3
3941;4
3942;3
3943;3
3944;3
3945;2
3946;1
3947;1
3948;1
3949;1
3950;1
3951;4
3952;1
3953;4
3954;4
3955;3
3956;3
3957;3
3958;1
3959;2
3960;2
3961;3
3962;2
3963;4
3964;4
3965;1
3966;2
3967;1
3968;2
3969;1
3970;2
3971;4
3972;1
3973;1
3974;2
3975;2
3976;1
3977;3
3978;1
3979;2
3980;3
3981;1
3982;3
3983;1
3984;3
3985;2
3986;1
3987;3
3988;4
3989;2
3990;2
3991;4
3992;2
3993;3
3994;4
3995;3
3996;2
3997;1
3998;1
3999;3
